address_id,status,street_address,postal_city,legal_city,state,zip,warnings,attempts,candidate_cities
A0009,needs_review,322-322.5 Western Ave,Cambridge,,MA,,missing_input_zip; house_number_range_checked_at_both_endpoints; jurisdiction_needs_review,"match: 322 Western Ave, Cambridge; rejected: 322.5 Western Ave, Cambridge",Boston; Cambridge
A0028,needs_review,585 5TH ST,Newark,,NJ,07107,jurisdiction_needs_review,"rejected: 585 5TH ST, Newark; rejected: 585 5TH ST, Newark",Newark
A0071,needs_review,14.5-16 Vandine St,Cambridge,,MA,,missing_input_zip; house_number_range_checked_at_both_endpoints; jurisdiction_needs_review,"rejected: 14.5 Vandine St, Cambridge; match: 16 Vandine St, Cambridge",Cambridge
A0098,needs_review,WILLOWWOOD ST,Dorchester,,MA,02124,jurisdiction_needs_review,"invalid_input: WILLOWWOOD ST, Dorchester",
A0104,needs_review,409 5TH ST,Newark,,NJ,07012,jurisdiction_needs_review,"rejected: 409 5TH ST, Newark; rejected: 409 5TH ST, Newark",Newark
A0115,needs_review,397 05TH AV,San Francisco,,CA,,missing_input_zip; jurisdiction_needs_review,"no_match: 397 05TH AV, San Francisco",
A0127,needs_review,10029 SEPULVEDA BLVD,Los Angeles,,CA,91345,jurisdiction_needs_review,"no_match: 10029 SEPULVEDA BLVD, Los Angeles; rejected: 10029 SEPULVEDA BLVD, Los Angeles",Los Angeles
A0128,needs_review,Harvard ST,Dorchester,,MA,02124,jurisdiction_needs_review,"invalid_input: Harvard ST, Dorchester",
A0137,needs_review,65-71 NORFLOK ST,Newark,,NJ,07003,house_number_range_checked_at_both_endpoints; jurisdiction_needs_review,"rejected: 65 NORFLOK ST, Newark; rejected: 65 NORFLOK ST, Newark; rejected: 71 NORFLOK ST, Newark; rejected: 71 NORFLOK ST, Newark",Newark
A0150,needs_review,3784 E BROADWAY,San Diego,,CA,92102,jurisdiction_needs_review,"rejected: 3784 E BROADWAY, San Diego; rejected: 3784 E BROADWAY, San Diego",San Diego
A0166,needs_review,1 Potter Pk,Cambridge,,MA,,missing_input_zip; jurisdiction_needs_review,"rejected: 1 Potter Pk, Cambridge",Cambridge
A0168,needs_review,600 JACKSON/601 HARRISON,Hoboken,,NJ,07030,jurisdiction_needs_review,"no_match: 600 JACKSON/601 HARRISON, Hoboken; no_match: 600 JACKSON/601 HARRISON, Hoboken",
A0229,needs_review,5164 03RD ST,San Francisco,,CA,,missing_input_zip; jurisdiction_needs_review,"no_match: 5164 03RD ST, San Francisco",
A0242,needs_review,85-87 SIERRA RD,Hyde Park,,MA,02136,house_number_range_checked_at_both_endpoints; jurisdiction_needs_review,"no_match: 85 SIERRA RD, Hyde Park; no_match: 85 SIERRA RD, Hyde Park; no_match: 85 SIERRA RD, Boston; no_match: 85 SIERRA RD, Boston; match: 87 SIERRA RD, Hyde Park",Boston
A0245,needs_review,30 WEST HOWELL ST M-D,Dorchester,,MA,02125,jurisdiction_needs_review,"rejected: 30 WEST HOWELL ST M-D, Dorchester; rejected: 30 WEST HOWELL ST M-D, Dorchester; rejected: 30 WEST HOWELL ST M-D, Boston; rejected: 30 WEST HOWELL ST M-D, Boston",Boston
A0262,needs_review,2924 E JUNIPER ST,San Diego,,CA,92104,jurisdiction_needs_review,"rejected: 2924 E JUNIPER ST, San Diego; rejected: 2924 E JUNIPER ST, San Diego",San Diego
A0295,needs_review,Harvard ST LOT 2A-13,Dorchester,,MA,02124,jurisdiction_needs_review,"invalid_input: Harvard ST LOT 2A-13, Dorchester",
A0328,needs_review,1845 08TH AV,San Francisco,,CA,,missing_input_zip; jurisdiction_needs_review,"no_match: 1845 08TH AV, San Francisco",
A0338,needs_review,521-523 S 17TH,Newark,,NJ,07417,house_number_range_checked_at_both_endpoints; jurisdiction_needs_review,"rejected: 521 S 17TH, Newark; rejected: 521 S 17TH, Newark; rejected: 523 S 17TH, Newark; rejected: 523 S 17TH, Newark",Newark
A0343,needs_review,408-410 5TH ST,Newark,,NJ,10997,suspicious_input_zip; house_number_range_checked_at_both_endpoints; jurisdiction_needs_review,"rejected: 408 5TH ST, Newark; rejected: 410 5TH ST, Newark",Newark
A0344,needs_review,238 & 242 GARFIELD AVE.,Jersey City,,NJ,07304,jurisdiction_needs_review,"rejected: 238 & 242 GARFIELD AVE., Jersey City; rejected: 238 & 242 GARFIELD AVE., Jersey City",Jersey City
A0346,needs_review,AUBURN DR,San Diego,,CA,92105,jurisdiction_needs_review,"invalid_input: AUBURN DR, San Diego",
A0357,needs_review,173 07TH ST,San Francisco,,CA,,missing_input_zip; jurisdiction_needs_review,"no_match: 173 07TH ST, San Francisco",
A0362,needs_review,368 RIVERWAY ST,Boston,,MA,02115,jurisdiction_needs_review,"rejected: 368 RIVERWAY ST, Boston; rejected: 368 RIVERWAY ST, Boston",Boston
A0364,needs_review,125 03RD AV,San Francisco,,CA,,missing_input_zip; jurisdiction_needs_review,"no_match: 125 03RD AV, San Francisco",
A0376,needs_review,ST JAMES ST,Roxbury,,MA,02119,jurisdiction_needs_review,"invalid_input: ST JAMES ST, Roxbury",
A0380,needs_review,GREENVILLE ST,Roxbury,,MA,02119,jurisdiction_needs_review,"invalid_input: GREENVILLE ST, Roxbury",
A0384,needs_review,21 GUERRERO ST,San Francisco,,CA,,missing_input_zip; jurisdiction_needs_review,"no_match: 21 GUERRERO ST, San Francisco",
A0387,needs_review,10303 CAMINITO ALVAREZ,San Diego,,CA,92126,jurisdiction_needs_review,"rejected: 10303 CAMINITO ALVAREZ, San Diego; rejected: 10303 CAMINITO ALVAREZ, San Diego",San Diego
A0392,needs_review,4545 N 39TH ST,San Diego,,CA,92116,jurisdiction_needs_review,"rejected: 4545 N 39TH ST, San Diego; rejected: 4545 N 39TH ST, San Diego",San Diego
A0427,needs_review,7665 FOUNTAIN AVE,Los Angeles,,CA,90046,jurisdiction_needs_review,"rejected: 7665 FOUNTAIN AVE, Los Angeles; rejected: 7665 FOUNTAIN AVE, Los Angeles",Los Angeles
A0480,needs_review,4046 N 43RD ST,San Diego,,CA,92105,jurisdiction_needs_review,"rejected: 4046 N 43RD ST, San Diego; rejected: 4046 N 43RD ST, San Diego",San Diego
A0484,needs_review,1801 08TH AV,San Francisco,,CA,,missing_input_zip; jurisdiction_needs_review,"no_match: 1801 08TH AV, San Francisco",
