team_rule_id,legacy_review_state,old_coverage,new_coverage,old_exemptions,new_exemptions,reason
r-01f48fb3,approved,"{""all"": []}","{""all"": []}","{""any"": [{""field"": ""owner_occupied"", ""id"": ""x1.1"", ""op"": ""is_true"", ""source_doc_id"": ""D016"", ""source_span"": ""Owner-occupied home renting to one additional person may exclude applicants based on protected characteristics (per the FAQ), but may not publish discriminatory statements"", ""source_url"": ""https://calcivilrights.ca.gov/housing/""}]}","{""any"": []}",v1 expression quarantined pending Document.body verification
r-0c93d18c,approved,"{""all"": []}","{""all"": []}","{""any"": [{""field"": ""owner_occupied"", ""id"": ""x1.1"", ""op"": ""is_true"", ""source_doc_id"": ""D065"", ""source_span"": ""Dwelling units in owner-occupied premises of not more than four dwelling units are excluded"", ""source_url"": ""https://pub.njleg.gov/bills/2020/PL21/110_.HTM""}]}","{""any"": []}",v1 expression quarantined pending Document.body verification
r-0d968a45,needs_review,"{""all"": []}","{""all"": []}","{""any"": [{""field"": ""owner_occupied"", ""id"": ""x4.1"", ""op"": ""is_true"", ""source_doc_id"": ""D040"", ""source_span"": ""A two-unit property where the owner occupied the second unit for the entire tenancy"", ""source_url"": ""https://housing.lacity.gov/residents/just-cause-for-eviction-ordinance-jco""}]}","{""any"": []}",v1 expression quarantined pending Document.body verification
r-11141412,needs_review,"{""all"": []}","{""all"": []}","{""any"": [{""field"": ""building_is_subsidised"", ""id"": ""x5.1"", ""op"": ""is_true"", ""source_doc_id"": ""D076"", ""source_span"": ""income limits under affordable housing program guidelines"", ""source_url"": ""https://sandiego.gov/sites/default/files/2025-04/automated-rent-price-fixing-prohibition-ordinance-materials.pdf""}]}","{""any"": []}",v1 expression quarantined pending Document.body verification
r-1346b876,needs_review,"{""all"": [{""field"": ""certificate_of_occupancy_date"", ""id"": ""c1.1"", ""note"": ""cutoff date not stated to the day in the source"", ""op"": ""lte"", ""source_doc_id"": ""D079"", ""source_span"": ""Newly constructed rental units that first obtained a Certificate of Occupancy after June 13, 1979"", ""source_url"": ""https://sf.gov/information/overview-just-cause-evictions"", ""value"": ""0001-01-01""}]}","{""all"": []}","{""any"": []}","{""any"": []}",v1 expression quarantined pending Document.body verification
r-1f90d32d,needs_review,"{""all"": [{""field"": ""certificate_of_occupancy_date"", ""id"": ""a1"", ""op"": ""lte"", ""source_doc_id"": ""D041"", ""source_span"": ""first built on or before October 1, 1978"", ""source_url"": ""https://housing.lacity.gov/residents/rso-overview"", ""value"": ""1978-10-01""}]}","{""all"": []}","{""any"": []}","{""any"": []}",v1 expression quarantined pending Document.body verification
r-227e5acf,needs_review,"{""all"": []}","{""all"": []}","{""any"": [{""field"": ""building_is_subsidised"", ""id"": ""x2.1"", ""op"": ""is_true"", ""source_doc_id"": ""D067"", ""source_span"": ""government-subsidized rents may also be exempt"", ""source_url"": ""https://www.nj.gov/dca/codes/publications/pdf_lti/t_i_r.pdf""}]}","{""any"": []}",v1 expression quarantined pending Document.body verification
r-26ba6031,needs_review,"{""all"": [{""field"": ""year_built"", ""id"": ""c1.1"", ""op"": ""lte"", ""source_doc_id"": ""D009"", ""source_span"": ""built before 1980"", ""source_url"": ""https://rentboard.berkeleyca.gov/sites/default/files/documents/Rent%20Ordinance%20Coverage%20by%20Unit%20Type.pdf"", ""value"": 1980}, {""field"": ""certificate_of_occupancy_date"", ""id"": ""c3.1"", ""note"": ""cutoff date not stated to the day in the source"", ""op"": ""lte"", ""source_doc_id"": ""D009"", ""source_span"": ""rooming houses) and partially covered units (new construction with Certificate of Occupancy after June 1980"", ""source_url"": ""https://rentboard.berkeleyca.gov/sites/default/files/documents/Rent%20Ordinance%20Coverage%20by%20Unit%20Type.pdf"", ""value"": ""0001-01-01""}, {""field"": ""building_is_subsidised"", ""id"": ""c6.1"", ""op"": ""is_true"", ""source_doc_id"": ""D009"", ""source_span"": ""certain HUD-subsidized units)"", ""source_url"": ""https://rentboard.berkeleyca.gov/sites/default/files/documents/Rent%20Ordinance%20Coverage%20by%20Unit%20Type.pdf""}]}","{""all"": []}","{""any"": [{""field"": ""owner_occupied"", ""id"": ""x4.1"", ""op"": ""is_true"", ""source_doc_id"": ""D009"", ""source_span"": ""tenancies started after Nov 7, 2018 on properties with an ADU where either unit is owner-occupied"", ""source_url"": ""https://rentboard.berkeleyca.gov/sites/default/files/documents/Rent%20Ordinance%20Coverage%20by%20Unit%20Type.pdf""}]}","{""any"": []}",v1 expression quarantined pending Document.body verification
r-465469a9,needs_review,"{""all"": [{""field"": ""certificate_of_occupancy_date"", ""id"": ""c2.1"", ""note"": ""cutoff date not stated to the day in the source"", ""op"": ""lte"", ""source_doc_id"": ""D073"", ""source_span"": ""Housing issued a certificate of occupancy within the previous 15 years is exempt, unless it is a mobilehome"", ""source_url"": ""https://docs.sandiego.gov/municode/municodechapter09/ch09art08division07.pdf"", ""value"": ""0001-01-01""}]}","{""all"": []}","{""any"": [{""field"": ""seasonal_rental"", ""id"": ""x1.1"", ""op"": ""is_true"", ""source_doc_id"": ""D073"", ""source_span"": ""Transient and tourist hotels"", ""source_url"": ""https://docs.sandiego.gov/municode/municodechapter09/ch09art08division07.pdf""}, {""field"": ""building_is_subsidised"", ""id"": ""x4.1"", ""op"": ""is_true"", ""source_doc_id"": ""D073"", ""source_span"": ""subsidized affordable housing (Section 8 is not exempt)"", ""source_url"": ""https://docs.sandiego.gov/municode/municodechapter09/ch09art08division07.pdf""}, {""field"": ""owner_occupied"", ""id"": ""x10.1"", ""op"": ""is_true"", ""source_doc_id"": ""D073"", ""source_span"": ""owner-occupied single-family residences renting up to two bedrooms"", ""source_url"": ""https://docs.sandiego.gov/municode/municodechapter09/ch09art08division07.pdf""}, {""field"": ""certificate_of_occupancy_date"", ""id"": ""x13.1"", ""note"": ""cutoff date not stated to the day in the source"", ""op"": ""lte"", ""source_doc_id"": ""D073"", ""source_span"": ""housing issued a certificate of occupancy within the previous 15 years (except mobilehomes)"", ""source_url"": ""https://docs.sandiego.gov/municode/municodechapter09/ch09art08division07.pdf"", ""value"": ""0001-01-01""}, {""field"": ""owner_is_natural_person"", ""id"": ""x14.1"", ""op"": ""is_true"", ""source_doc_id"": ""D073"", ""source_span"": ""and separately alienable property whose landlord is not a REIT, corporation, LLC with a corporate member"", ""source_url"": ""https://docs.sandiego.gov/municode/municodechapter09/ch09art08division07.pdf""}, {""all"": [{""field"": ""units"", ""id"": ""a1"", ""op"": ""eq"", ""source_doc_id"": ""D073"", ""source_span"": ""duplexes"", ""source_url"": ""https://docs.sandiego.gov/municode/municodechapter09/ch09art08division07.pdf"", ""value"": 2}, {""field"": ""owner_occupied"", ""id"": ""a2"", ""op"": ""is_true"", ""source_doc_id"": ""D073"", ""source_span"": ""the landlord occupies one unit"", ""source_url"": ""https://docs.sandiego.gov/municode/municodechapter09/ch09art08division07.pdf""}]}]}","{""any"": []}",v1 expression quarantined pending Document.body verification
r-48c8c1b0,needs_review,"{""all"": []}","{""all"": []}","{""any"": [{""field"": ""seasonal_rental"", ""id"": ""x1.1"", ""op"": ""is_true"", ""source_doc_id"": ""D023"", ""source_span"": ""Transient and tourist hotels"", ""source_url"": ""https://leginfo.legislature.ca.gov/faces/codes_displaySection.xhtml?lawCode=CIV&sectionNum=1946.2""}, {""field"": ""owner_occupied"", ""id"": ""x7.1"", ""op"": ""is_true"", ""source_doc_id"": ""D023"", ""source_span"": ""single-family owner-occupied residences renting no more than two units"", ""source_url"": ""https://leginfo.legislature.ca.gov/faces/codes_displaySection.xhtml?lawCode=CIV&sectionNum=1946.2""}, {""field"": ""certificate_of_occupancy_date"", ""id"": ""x10.1"", ""note"": ""cutoff date not stated to the day in the source"", ""op"": ""lte"", ""source_doc_id"": ""D023"", ""source_span"": ""housing issued a certificate of occupancy within the previous 15 years (unless a mobilehome)"", ""source_url"": ""https://leginfo.legislature.ca.gov/faces/codes_displaySection.xhtml?lawCode=CIV&sectionNum=1946.2"", ""value"": ""0001-01-01""}, {""field"": ""owner_is_natural_person"", ""id"": ""x11.1"", ""op"": ""is_true"", ""source_doc_id"": ""D023"", ""source_span"": ""separately alienable property whose owner is not a REIT, corporation"", ""source_url"": ""https://leginfo.legislature.ca.gov/faces/codes_displaySection.xhtml?lawCode=CIV&sectionNum=1946.2""}, {""field"": ""building_is_subsidised"", ""id"": ""x14.1"", ""op"": ""is_true"", ""source_doc_id"": ""D023"", ""source_span"": ""subsidized affordable housing"", ""source_url"": ""https://leginfo.legislature.ca.gov/faces/codes_displaySection.xhtml?lawCode=CIV&sectionNum=1946.2""}, {""all"": [{""field"": ""units"", ""id"": ""a1"", ""op"": ""eq"", ""source_doc_id"": ""D023"", ""source_span"": ""a duplex"", ""source_url"": ""https://leginfo.legislature.ca.gov/faces/codes_displaySection.xhtml?lawCode=CIV&sectionNum=1946.2"", ""value"": 2}, {""field"": ""owner_occupied"", ""id"": ""a2"", ""op"": ""is_true"", ""source_doc_id"": ""D023"", ""source_span"": ""the owner occupies one unit"", ""source_url"": ""https://leginfo.legislature.ca.gov/faces/codes_displaySection.xhtml?lawCode=CIV&sectionNum=1946.2""}]}]}","{""any"": []}",v1 expression quarantined pending Document.body verification
r-492dc4cf,needs_review,"{""all"": [{""field"": ""certificate_of_occupancy_date"", ""id"": ""c2.1"", ""note"": ""cutoff date not stated to the day in the source"", ""op"": ""lte"", ""source_doc_id"": ""D024"", ""source_span"": ""Housing is exempt if it was issued a certificate of occupancy within the previous 15 years, unless it is a mobilehome"", ""source_url"": ""https://leginfo.legislature.ca.gov/faces/codes_displaySection.xhtml?lawCode=CIV&sectionNum=1947.12"", ""value"": ""0001-01-01""}]}","{""all"": []}","{""any"": [{""field"": ""building_is_subsidised"", ""id"": ""x2.1"", ""op"": ""is_true"", ""source_doc_id"": ""D024"", ""source_span"": ""subsidized affordable housing"", ""source_url"": ""https://leginfo.legislature.ca.gov/faces/codes_displaySection.xhtml?lawCode=CIV&sectionNum=1947.12""}, {""field"": ""certificate_of_occupancy_date"", ""id"": ""x5.1"", ""note"": ""cutoff date not stated to the day in the source"", ""op"": ""lte"", ""source_doc_id"": ""D024"", ""source_span"": ""housing with a certificate of occupancy issued within the previous 15 years (except mobilehomes)"", ""source_url"": ""https://leginfo.legislature.ca.gov/faces/codes_displaySection.xhtml?lawCode=CIV&sectionNum=1947.12"", ""value"": ""0001-01-01""}, {""field"": ""owner_is_natural_person"", ""id"": ""x6.1"", ""op"": ""is_true"", ""source_doc_id"": ""D024"", ""source_span"": ""separately alienable property whose owner is not a REIT, corporation, LLC with a corporate member"", ""source_url"": ""https://leginfo.legislature.ca.gov/faces/codes_displaySection.xhtml?lawCode=CIV&sectionNum=1947.12""}]}","{""any"": []}",v1 expression quarantined pending Document.body verification
r-4c54c0f8,needs_review,"{""all"": [{""field"": ""year_built"", ""id"": ""c1.1"", ""op"": ""lte"", ""source_doc_id"": ""D009"", ""source_span"": ""built before 1980"", ""source_url"": ""https://rentboard.berkeleyca.gov/sites/default/files/documents/Rent%20Ordinance%20Coverage%20by%20Unit%20Type.pdf"", ""value"": 1980}, {""field"": ""certificate_of_occupancy_date"", ""id"": ""c4.1"", ""note"": ""cutoff date not stated to the day in the source"", ""op"": ""lte"", ""source_doc_id"": ""D009"", ""source_span"": ""Not covered: new construction that received a Certificate of Occupancy after June 1980"", ""source_url"": ""https://rentboard.berkeleyca.gov/sites/default/files/documents/Rent%20Ordinance%20Coverage%20by%20Unit%20Type.pdf"", ""value"": ""0001-01-01""}, {""field"": ""building_is_subsidised"", ""id"": ""c7.1"", ""op"": ""is_true"", ""source_doc_id"": ""D009"", ""source_span"": ""certain HUD-subsidized units (Section 202, Section 811"", ""source_url"": ""https://rentboard.berkeleyca.gov/sites/default/files/documents/Rent%20Ordinance%20Coverage%20by%20Unit%20Type.pdf""}, {""field"": ""building_is_subsidised"", ""id"": ""a1"", ""op"": ""is_true"", ""source_doc_id"": ""D009"", ""source_span"": ""Rental Supplement/Section 8 projects with HUD-insured or HUD-held mortgages"", ""source_url"": ""https://rentboard.berkeleyca.gov/sites/default/files/documents/Rent%20Ordinance%20Coverage%20by%20Unit%20Type.pdf""}]}","{""all"": []}","{""any"": [{""field"": ""owner_occupied"", ""id"": ""x1.1"", ""op"": ""is_true"", ""source_doc_id"": ""D009"", ""source_span"": ""Golden Duplex (duplex owner-occupied on December 31, 1979 and currently with an owner living in one unit)"", ""source_url"": ""https://rentboard.berkeleyca.gov/sites/default/files/documents/Rent%20Ordinance%20Coverage%20by%20Unit%20Type.pdf""}, {""field"": ""owner_occupied"", ""id"": ""x4.1"", ""op"": ""is_true"", ""source_doc_id"": ""D009"", ""source_span"": ""tenancies started after Nov 7, 2018 on properties with an ADU where either unit is owner-occupied"", ""source_url"": ""https://rentboard.berkeleyca.gov/sites/default/files/documents/Rent%20Ordinance%20Coverage%20by%20Unit%20Type.pdf""}]}","{""any"": []}",v1 expression quarantined pending Document.body verification
r-532406bb,approved,"{""all"": []}","{""all"": []}","{""any"": [{""field"": ""owner_occupied"", ""id"": ""x1.1"", ""op"": ""is_true"", ""source_doc_id"": ""D067"", ""source_span"": ""Owner-occupied two- or three-family dwellings, unless the tenant sends a written request and 30 days pass"", ""source_url"": ""https://www.nj.gov/dca/codes/publications/pdf_lti/t_i_r.pdf""}, {""field"": ""seasonal_rental"", ""id"": ""x2.1"", ""op"": ""is_true"", ""source_doc_id"": ""D067"", ""source_span"": ""Seasonal rentals (125 consecutive days or less) are exempt from the deposit-holding provisions"", ""source_url"": ""https://www.nj.gov/dca/codes/publications/pdf_lti/t_i_r.pdf""}]}","{""any"": []}",v1 expression quarantined pending Document.body verification
r-5f642a70,needs_review,"{""all"": [{""field"": ""building_is_subsidised"", ""id"": ""a1"", ""op"": ""is_true"", ""source_doc_id"": ""D027"", ""source_span"": ""government rent subsidy is in place"", ""source_url"": ""https://leginfo.legislature.ca.gov/faces/codes_displaySection.xhtml?lawCode=GOV&sectionNum=12955""}]}","{""all"": []}","{""any"": []}","{""any"": []}",v1 expression quarantined pending Document.body verification
r-65b06a0b,needs_review,"{""all"": []}","{""all"": []}","{""any"": [{""field"": ""building_is_subsidised"", ""id"": ""x2.1"", ""op"": ""is_true"", ""source_doc_id"": ""D003"", ""source_span"": ""limited exemptions for public housing/Section 8 properties"", ""source_url"": ""https://rentboard.berkeleyca.gov/Fair_Chance""}, {""field"": ""owner_occupied"", ""id"": ""x3.1"", ""op"": ""is_true"", ""source_doc_id"": ""D003"", ""source_span"": ""owner-occupied properties of 1-3 units where an owner of record resides in one unit as primary residence"", ""source_url"": ""https://rentboard.berkeleyca.gov/Fair_Chance""}]}","{""any"": []}",v1 expression quarantined pending Document.body verification
r-6b5e3b6e,approved,"{""all"": []}","{""all"": []}","{""any"": [{""field"": ""owner_occupied"", ""id"": ""x1.1"", ""op"": ""is_true"", ""source_doc_id"": ""D067"", ""source_span"": ""Owner-occupied two- or three-family dwellings unless the tenant opts in"", ""source_url"": ""https://www.nj.gov/dca/codes/publications/pdf_lti/t_i_r.pdf""}]}","{""any"": []}",v1 expression quarantined pending Document.body verification
r-7171a9d2,approved,"{""all"": []}","{""all"": []}","{""any"": [{""field"": ""owner_occupied"", ""id"": ""x1.1"", ""op"": ""is_true"", ""source_doc_id"": ""D065"", ""source_span"": ""Dwelling units in owner-occupied premises of not more than four dwelling units are excluded"", ""source_url"": ""https://pub.njleg.gov/bills/2020/PL21/110_.HTM""}]}","{""any"": []}",v1 expression quarantined pending Document.body verification
r-71a9f9fc,needs_review,"{""all"": []}","{""all"": []}","{""any"": [{""field"": ""owner_occupied"", ""id"": ""x1.1"", ""op"": ""is_true"", ""source_doc_id"": ""D067"", ""source_span"": ""Two-family owner-occupied dwellings, rooms in an owner- or resident-occupied single home, and residences planned exclusively for and occupied by one sex"", ""source_url"": ""https://www.nj.gov/dca/codes/publications/pdf_lti/t_i_r.pdf""}]}","{""any"": []}",v1 expression quarantined pending Document.body verification
r-75943132,approved,"{""all"": [{""field"": ""units"", ""id"": ""c2.1"", ""op"": ""lte"", ""source_doc_id"": ""D067"", ""source_span"": ""10 or fewer units"", ""source_url"": ""https://www.nj.gov/dca/codes/publications/pdf_lti/t_i_r.pdf"", ""value"": 10}]}","{""all"": []}","{""any"": [{""field"": ""seasonal_rental"", ""id"": ""x1.1"", ""op"": ""is_true"", ""source_doc_id"": ""D067"", ""source_span"": ""Seasonal rentals (125 consecutive days or less)"", ""source_url"": ""https://www.nj.gov/dca/codes/publications/pdf_lti/t_i_r.pdf""}, {""field"": ""owner_occupied"", ""id"": ""x2.1"", ""op"": ""is_true"", ""source_doc_id"": ""D067"", ""source_span"": ""owner-occupied two- or three-family dwellings unless the tenant opts in"", ""source_url"": ""https://www.nj.gov/dca/codes/publications/pdf_lti/t_i_r.pdf""}]}","{""any"": []}",v1 expression quarantined pending Document.body verification
r-781462bf,approved,"{""all"": []}","{""all"": []}","{""any"": [{""field"": ""owner_occupied"", ""id"": ""x1.1"", ""op"": ""is_true"", ""source_doc_id"": ""D065"", ""source_span"": ""Dwelling units in owner-occupied premises of not more than four dwelling units are excluded"", ""source_url"": ""https://pub.njleg.gov/bills/2020/PL21/110_.HTM""}]}","{""any"": []}",v1 expression quarantined pending Document.body verification
r-7db4fc11,needs_review,"{""all"": []}","{""all"": []}","{""any"": [{""field"": ""owner_occupied"", ""id"": ""x1.1"", ""op"": ""is_true"", ""source_doc_id"": ""D065"", ""source_span"": ""Dwelling units in owner-occupied premises of not more than four dwelling units are not 'rental dwelling units'"", ""source_url"": ""https://pub.njleg.gov/bills/2020/PL21/110_.HTM""}]}","{""any"": []}",v1 expression quarantined pending Document.body verification
r-81c04cac,needs_review,"{""all"": []}","{""all"": []}","{""any"": [{""field"": ""building_is_subsidised"", ""id"": ""x7.1"", ""op"": ""is_true"", ""source_doc_id"": ""D076"", ""source_span"": ""federal affordable housing program guidelines"", ""source_url"": ""https://sandiego.gov/sites/default/files/2025-04/automated-rent-price-fixing-prohibition-ordinance-materials.pdf""}]}","{""any"": []}",v1 expression quarantined pending Document.body verification
r-990aca03,approved,"{""all"": [{""field"": ""building_is_subsidised"", ""id"": ""a1"", ""op"": ""is_true"", ""source_doc_id"": ""D027"", ""source_span"": ""government rent subsidy is in place"", ""source_url"": ""https://leginfo.legislature.ca.gov/faces/codes_displaySection.xhtml?lawCode=GOV&sectionNum=12955""}]}","{""all"": []}","{""any"": []}","{""any"": []}",v1 expression quarantined pending Document.body verification
r-a0daef9e,needs_review,"{""all"": [{""field"": ""year_built"", ""id"": ""c1.1"", ""op"": ""lte"", ""source_doc_id"": ""D006"", ""source_span"": ""built before 1980"", ""source_url"": ""https://rentboard.berkeleyca.gov/laws-regulations/measure-bb-changes-berkeleys-rent-ordinance"", ""value"": 1980}, {""field"": ""year_built"", ""id"": ""c4.1"", ""op"": ""gt"", ""source_doc_id"": ""D006"", ""source_span"": ""construction units (certificate of occupancy issued after 1980"", ""source_url"": ""https://rentboard.berkeleyca.gov/laws-regulations/measure-bb-changes-berkeleys-rent-ordinance"", ""value"": 1980}, {""field"": ""building_is_subsidised"", ""id"": ""c5.1"", ""op"": ""is_true"", ""source_doc_id"": ""D006"", ""source_span"": ""Subsidy types such as Section 8 vouchers, Shelter Plus Care, VASH, LIHTC, HOME apply"", ""source_url"": ""https://rentboard.berkeleyca.gov/laws-regulations/measure-bb-changes-berkeleys-rent-ordinance""}]}","{""all"": []}","{""any"": [{""field"": ""building_is_subsidised"", ""id"": ""x1.1"", ""op"": ""is_true"", ""source_doc_id"": ""D006"", ""source_span"": ""Section 202 and Section 811 units, and units in projects with HUD-insured"", ""source_url"": ""https://rentboard.berkeleyca.gov/laws-regulations/measure-bb-changes-berkeleys-rent-ordinance""}, {""field"": ""building_is_subsidised"", ""id"": ""x2.1"", ""op"": ""is_true"", ""source_doc_id"": ""D006"", ""source_span"": ""HUD-held mortgages (Rent Supplement, Section 8 Loan Management Set Aside, Project-based Section 8), are only partially covered because Federal law, State law"", ""source_url"": ""https://rentboard.berkeleyca.gov/laws-regulations/measure-bb-changes-berkeleys-rent-ordinance""}]}","{""any"": []}",v1 expression quarantined pending Document.body verification
r-a1d3f491,needs_review,"{""all"": [{""field"": ""certificate_of_occupancy_date"", ""id"": ""c3.1"", ""note"": ""cutoff date not stated to the day in the source"", ""op"": ""lte"", ""source_doc_id"": ""D024"", ""source_span"": ""The same exemptions as for the rent cap apply, including housing with a certificate of occupancy issued within the previous 15 years (except mobilehomes)"", ""source_url"": ""https://leginfo.legislature.ca.gov/faces/codes_displaySection.xhtml?lawCode=CIV&sectionNum=1947.12"", ""value"": ""0001-01-01""}]}","{""all"": []}","{""any"": []}","{""any"": []}",v1 expression quarantined pending Document.body verification
r-ae48cb6c,needs_review,"{""all"": [{""field"": ""year_built"", ""id"": ""c1.1"", ""op"": ""lte"", ""source_doc_id"": ""D009"", ""source_span"": ""built before 1980"", ""source_url"": ""https://rentboard.berkeleyca.gov/sites/default/files/documents/Rent%20Ordinance%20Coverage%20by%20Unit%20Type.pdf"", ""value"": 1980}, {""field"": ""certificate_of_occupancy_date"", ""id"": ""c4.1"", ""note"": ""cutoff date not stated to the day in the source"", ""op"": ""lte"", ""source_doc_id"": ""D009"", ""source_span"": ""Not covered: new construction with Certificate of Occupancy after June 1980"", ""source_url"": ""https://rentboard.berkeleyca.gov/sites/default/files/documents/Rent%20Ordinance%20Coverage%20by%20Unit%20Type.pdf"", ""value"": ""0001-01-01""}, {""field"": ""building_is_subsidised"", ""id"": ""c7.1"", ""op"": ""is_true"", ""source_doc_id"": ""D009"", ""source_span"": ""certain HUD-subsidized units"", ""source_url"": ""https://rentboard.berkeleyca.gov/sites/default/files/documents/Rent%20Ordinance%20Coverage%20by%20Unit%20Type.pdf""}]}","{""all"": []}","{""any"": [{""field"": ""owner_occupied"", ""id"": ""x1.1"", ""op"": ""is_true"", ""source_doc_id"": ""D009"", ""source_span"": ""Golden Duplex (owner-occupied December 31, 1979 and currently with an owner in one unit)"", ""source_url"": ""https://rentboard.berkeleyca.gov/sites/default/files/documents/Rent%20Ordinance%20Coverage%20by%20Unit%20Type.pdf""}, {""field"": ""owner_occupied"", ""id"": ""x4.1"", ""op"": ""is_true"", ""source_doc_id"": ""D009"", ""source_span"": ""tenancies started after Nov 7, 2018 on properties with an ADU where either unit is owner-occupied"", ""source_url"": ""https://rentboard.berkeleyca.gov/sites/default/files/documents/Rent%20Ordinance%20Coverage%20by%20Unit%20Type.pdf""}]}","{""any"": []}",v1 expression quarantined pending Document.body verification
r-b6f65368,needs_review,"{""all"": []}","{""all"": []}","{""any"": [{""field"": ""owner_occupied"", ""id"": ""x5.1"", ""op"": ""is_true"", ""source_doc_id"": ""D068"", ""source_span"": ""occupant of an owner-occupied one-family dwelling"", ""source_url"": ""https://www.nj.gov/oag/dcr/downloads/kyrhousing02.pdf""}, {""all"": [{""field"": ""units"", ""id"": ""a1"", ""op"": ""eq"", ""source_doc_id"": ""D068"", ""source_span"": ""two-family dwelling"", ""source_url"": ""https://www.nj.gov/oag/dcr/downloads/kyrhousing02.pdf"", ""value"": 2}, {""field"": ""owner_occupied"", ""id"": ""a2"", ""op"": ""is_true"", ""source_doc_id"": ""D068"", ""source_span"": ""the owner occupies the other unit as a residence"", ""source_url"": ""https://www.nj.gov/oag/dcr/downloads/kyrhousing02.pdf""}]}]}","{""any"": []}",v1 expression quarantined pending Document.body verification
r-be1e34af,approved,"{""all"": []}","{""all"": []}","{""any"": [{""field"": ""owner_occupied"", ""id"": ""x1.1"", ""op"": ""is_true"", ""source_doc_id"": ""D065"", ""source_span"": ""Dwelling units in owner-occupied premises of not more than four dwelling units are excluded"", ""source_url"": ""https://pub.njleg.gov/bills/2020/PL21/110_.HTM""}]}","{""any"": []}",v1 expression quarantined pending Document.body verification
r-deed1aeb,approved,"{""all"": []}","{""all"": []}","{""any"": [{""field"": ""owner_occupied"", ""id"": ""x2.1"", ""op"": ""is_true"", ""source_doc_id"": ""D067"", ""source_span"": ""owner-occupied two- or three-family dwellings are covered only by a narrower list of grounds"", ""source_url"": ""https://www.nj.gov/dca/codes/publications/pdf_lti/t_i_r.pdf""}, {""field"": ""seasonal_rental"", ""id"": ""a1"", ""op"": ""is_false"", ""source_doc_id"": ""D067"", ""source_span"": ""seasonal tenants"", ""source_url"": ""https://www.nj.gov/dca/codes/publications/pdf_lti/t_i_r.pdf""}]}","{""any"": []}",v1 expression quarantined pending Document.body verification
r-e48d7170,needs_review,"{""all"": [{""field"": ""year_built"", ""id"": ""c1.1"", ""op"": ""lte"", ""source_doc_id"": ""D085"", ""source_span"": ""constructed on or before 1995"", ""source_url"": ""https://santa-ana.gov/santa-ana-city-council-adopts-rent-stabilization-and-just-cause-eviction-ordinances-effective-nov-19"", ""value"": 1995}]}","{""all"": []}","{""any"": []}","{""any"": []}",v1 expression quarantined pending Document.body verification
r-e8927609,needs_review,"{""all"": []}","{""all"": []}","{""any"": [{""field"": ""seasonal_rental"", ""id"": ""x1.1"", ""op"": ""is_true"", ""source_doc_id"": ""D040"", ""source_span"": ""Transient hotels, licensed care facilities, fraternity"", ""source_url"": ""https://housing.lacity.gov/residents/just-cause-for-eviction-ordinance-jco""}]}","{""any"": []}",v1 expression quarantined pending Document.body verification
r-ee37f8e7,needs_review,"{""all"": []}","{""all"": []}","{""any"": [{""field"": ""seasonal_rental"", ""id"": ""x3.1"", ""op"": ""is_true"", ""source_doc_id"": ""D085"", ""source_span"": ""hotel and transient occupancy"", ""source_url"": ""https://santa-ana.gov/santa-ana-city-council-adopts-rent-stabilization-and-just-cause-eviction-ordinances-effective-nov-19""}]}","{""any"": []}",v1 expression quarantined pending Document.body verification
r-f169b5c3,approved,"{""all"": []}","{""all"": []}","{""any"": [{""field"": ""seasonal_rental"", ""id"": ""x1.1"", ""op"": ""is_true"", ""source_doc_id"": ""D067"", ""source_span"": ""Seasonal rentals (125 consecutive days or less)"", ""source_url"": ""https://www.nj.gov/dca/codes/publications/pdf_lti/t_i_r.pdf""}, {""field"": ""owner_occupied"", ""id"": ""x2.1"", ""op"": ""is_true"", ""source_doc_id"": ""D067"", ""source_span"": ""owner-occupied two- or three-family dwellings unless the tenant opts in"", ""source_url"": ""https://www.nj.gov/dca/codes/publications/pdf_lti/t_i_r.pdf""}]}","{""any"": []}",v1 expression quarantined pending Document.body verification
